provincia,biomasa_ton,superficie_ha,ha_riesgo_critico,pct_biomasa,densidad_ton_ha,pct_riesgo
Osorno,19840,6825,4800,37.57575757575757,2.906959706959707,70.32967032967034
Llanquihue,16820,5790,3950,31.856060606060606,2.9050086355785836,68.22107081174438
Chiloe,8320,2865,2700,15.757575757575756,2.9040139616055844,94.24083769633508
Palena,7820,2670,2450,14.81060606060606,2.9288389513108615,91.76029962546816
