region,biomasa_ton,superficie_ha,pct_biomasa,pct_superficie
Los Lagos,52800,18150,55.57894736842105,55.16717325227963
Los Rios,36500,12550,38.421052631578945,38.14589665653496
Aysen,5700,2200,6,6.68693009118541
